"date","phone","subreddit","title","upvotes","comments","author","link"
"2026-06-30 21:03","A57","r/samsunggalaxy","Samsung Galaxy A57 5G ? Which screen protector and case are actually worth buying?","0","0","MiserlyGhost","https://old.reddit.com/r/samsunggalaxy/comments/1ujsihx/samsung_galaxy_a57_5g_which_screen_protector_and/"
"2026-06-30 20:55","A57","r/GalaxyA57","Samsung Galaxy A57 5G ? Which screen protector and case are actually worth buying?","1","3","MiserlyGhost","https://old.reddit.com/r/GalaxyA57/comments/1ujsb6v/samsung_galaxy_a57_5g_which_screen_protector_and/"
"2026-06-30 20:54","A57","r/Smartphones","Samsung Galaxy A57 5G ? Which screen protector and case are actually worth buying?","","3","MiserlyGhost","https://old.reddit.com/r/Smartphones/comments/1ujsakm/samsung_galaxy_a57_5g_which_screen_protector_and/"
"2026-06-30 20:32","A57","r/GalaxyA57","A57","1","1","Connect_Response2405","https://old.reddit.com/r/GalaxyA57/comments/1ujrph0/a57/"
"2026-06-30 06:47","A57","r/Smartphones","SAMSUNG A57 vs. POCO X8 PRO","1","8","AvailableOriginal213","https://old.reddit.com/r/Smartphones/comments/1ujb1eu/samsung_a57_vs_poco_x8_pro/"
"2026-06-29 13:24","A57","r/PickAnAndroidForMe","OnePlus 15r vs Samsung s25fe or samsung a57","3","17","Miserable-Gold5752","https://old.reddit.com/r/PickAnAndroidForMe/comments/1uim1jr/oneplus_15r_vs_samsung_s25fe_or_samsung_a57/"
"2026-06-29 13:24","A57","r/Smartphones","OnePlus 15r vs Samsung s25fe or samsung a57","2","1","Miserable-Gold5752","https://old.reddit.com/r/Smartphones/comments/1uim1gq/oneplus_15r_vs_samsung_s25fe_or_samsung_a57/"
"2026-06-29 11:38","A57","r/ShopeePH","Samsung A57 5g 512 GB for 22k","8","8","PuzzleheadedValue237","https://old.reddit.com/r/ShopeePH/comments/1uik6kl/samsung_a57_5g_512_gb_for_22k/"
"2026-06-28 21:30","A57","r/Frandroid","Honor 600 vs Samsung Galaxy A57 : comment choisir le meilleur smartphone milieu de gamme ?","1","0","r-humanoid","https://old.reddit.com/r/Frandroid/comments/1ui10c5/honor_600_vs_samsung_galaxy_a57_comment_choisir/"
"2026-06-28 20:07","S26 / A57","r/samsunggalaxy","A57 now or S26 FE later?","1","6","HSVMalooGTS","https://old.reddit.com/r/samsunggalaxy/comments/1uhyxzy/a57_now_or_s26_fe_later/"
"2026-06-28 13:40","A57","r/ShopeePH","7.7 Sale Samsung A57 512GB","0","2","PuzzleheadedValue237","https://old.reddit.com/r/ShopeePH/comments/1uhrhcq/77_sale_samsung_a57_512gb/"
"2026-06-28 13:23","A37","r/AskMexico","Compre el a37 5g en liverpool lo devuelvo?","7","14","Melodic-Cobbler3375","https://old.reddit.com/r/AskMexico/comments/1uhr7e4/compre_el_a37_5g_en_liverpool_lo_devuelvo/"
"2026-06-28 12:29","A57","r/samsunggalaxy","A57 battery issue","2","3","VermicelliKind4602","https://old.reddit.com/r/samsunggalaxy/comments/1uhq9hg/a57_battery_issue/"
"2026-06-28 11:54","A37","r/AskMexico","Samsung a37 a 7000 pesos vale la pena?","0","11","mariscal2211","https://old.reddit.com/r/AskMexico/comments/1uhpnb9/samsung_a37_a_7000_pesos_vale_la_pena/"
"2026-06-28 10:31","A57","r/MinecraftBedrockers","Vibrant visuals en A57?","1","0","MrZhadow","https://old.reddit.com/r/MinecraftBedrockers/comments/1uho4vg/vibrant_visuals_en_a57/"
"2026-06-27 21:50","A57","r/GalaxyA57","samsung galaxy A57","8","11","Living-Season6410","https://old.reddit.com/r/GalaxyA57/comments/1uh6x5t/samsung_galaxy_a57/"
"2026-06-27 18:50","A57","r/Tech_Philippines","SAMSUNG A57 Preorder","5","9","Naofumi243","https://old.reddit.com/r/Tech_Philippines/comments/1uh2mbx/samsung_a57_preorder/"
"2026-06-27 06:58","A37","r/Android","Strong, but the competition isn't sleeping - Samsung Galaxy A37 5G review","","7","BcuzRacecar","https://old.reddit.com/r/Android/comments/1ugp8ee/strong_but_the_competition_isnt_sleeping_samsung/"
"2026-06-26 20:14","A57","r/GalaxyA57","A35 to A57","3","4","ClothesNo7360","https://old.reddit.com/r/GalaxyA57/comments/1ug8txd/a35_to_a57/"
"2026-06-26 09:18","A57","r/PakPhotographers","Samsung Galaxy A57 raw clicks","26","21","Fluffy-Set-8523","https://old.reddit.com/r/PakPhotographers/comments/1ufvpyk/samsung_galaxy_a57_raw_clicks/"
"2026-06-26 07:23","A57","r/Tech_Philippines","Samsung - A57 (12GB ram) or S25FE (8GB ram)?","1","20","marippe_","https://old.reddit.com/r/Tech_Philippines/comments/1uftaqf/samsung_a57_12gb_ram_or_s25fe_8gb_ram/"
"2026-06-26 02:37","A57","r/Huawei","Need help transfering notes from Huawei P40 Lite to Samsung A57","2","8","Bitter-Sprinkles-512","https://old.reddit.com/r/Huawei/comments/1ufml3y/need_help_transfering_notes_from_huawei_p40_lite/"
"2026-06-25 21:32","A57","r/PickAnAndroidForMe","POCO X8 PRO (12RAM e 512gb) ou SAMSUNG A57 (8ram e 256gb)","1","1","VirusDeep7374","https://old.reddit.com/r/PickAnAndroidForMe/comments/1ufe83f/poco_x8_pro_12ram_e_512gb_ou_samsung_a57_8ram_e/"
"2026-06-25 21:30","A57","r/xiaomibrasil","POCO X8 PRO (12RAM e 512gb) x SAMSUNG A57 (8ram e 256gb)","1","0","VirusDeep7374","https://old.reddit.com/r/xiaomibrasil/comments/1ufe63i/poco_x8_pro_12ram_e_512gb_x_samsung_a57_8ram_e/"
"2026-06-25 21:29","A57","r/Smartphones","POCO X8 PRO (12RAM e 512gb) ou SAMSUNG A57 (8ram e 256gb)","2","1","VirusDeep7374","https://old.reddit.com/r/Smartphones/comments/1ufe4n0/poco_x8_pro_12ram_e_512gb_ou_samsung_a57_8ram_e/"
"2026-06-25 21:25","A57","r/PocoPhones","POCO X8 PRO (12RAM e 512gb) ou SAMSUNG A57 (8ram e 256gb)","2","12","VirusDeep7374","https://old.reddit.com/r/PocoPhones/comments/1ufe112/poco_x8_pro_12ram_e_512gb_ou_samsung_a57_8ram_e/"
"2026-06-25 21:22","A57","r/PickAnAndroidForMe","POCO X8 Pro (12 ram e 512gb) ou SAMSUNG GALAXY A57 (8 ram e 256gb)","2","0","VirusDeep7374","https://old.reddit.com/r/PickAnAndroidForMe/comments/1ufdxny/poco_x8_pro_12_ram_e_512gb_ou_samsung_galaxy_a57/"
"2026-06-25 18:05","A37","r/news_nest","Galaxy A37 Review - The Samsung Phone Nobody Should Buy!","","0","iongi","https://old.reddit.com/r/news_nest/comments/1uf8rw1/galaxy_a37_review_the_samsung_phone_nobody_should/"
"2026-06-25 16:34","A57","r/pokemongo","Does the Samsung A57 5g play PoGO smoothly?","1","3","Afonso_Antunes9002","https://old.reddit.com/r/pokemongo/comments/1uf6w4e/does_the_samsung_a57_5g_play_pogo_smoothly/"
"2026-06-25 14:54","A57","r/Android","NL Tech - The BEST mid-range phone? Samsung Galaxy A57 long-term review!","2","0","Antonis_32","https://old.reddit.com/r/Android/comments/1uf55bw/nl_tech_the_best_midrange_phone_samsung_galaxy/"
"2026-06-25 13:24","A57","r/ShopeePH","Samsung A57 5G","2","0","HurryNext4296","https://old.reddit.com/r/ShopeePH/comments/1uf3ndy/samsung_a57_5g/"
"2026-06-25 12:47","A57","r/Smartphones","Is the Galaxy A57 worth it?","2","7","cookie_04","https://old.reddit.com/r/Smartphones/comments/1uf30r7/is_the_galaxy_a57_worth_it/"
"2026-06-25 11:06","A57","r/Smartphones","Stay to iPhone 12 or new phone (a57 ,s25fe , vivo v70 , etc )","1","1","pollsolo","https://old.reddit.com/r/Smartphones/comments/1uf18ai/stay_to_iphone_12_or_new_phone_a57_s25fe_vivo_v70/"
"2026-06-24 23:51","A37","r/primedropper","$249 2026 Samsung Galaxy A37","","1","thedealsguy_","https://old.reddit.com/r/primedropper/comments/1uelhma/249_2026_samsung_galaxy_a37/"
"2026-06-24 21:17","A57","r/phclassifieds","Samsung Galaxy A57","2","1","yxyxnx","https://old.reddit.com/r/phclassifieds/comments/1ueh88r/samsung_galaxy_a57/"
"2026-06-23 14:14","A37","r/FortressZA","Samsung Galaxy A37 Review ? All the AI Features, None of the Flagship Price","","0","SplitNational2929","https://old.reddit.com/r/FortressZA/comments/1udblc2/samsung_galaxy_a37_review_all_the_ai_features/"
"2026-06-23 10:32","A37","r/PickAnAndroidForMe","Samsung a37 or moto g stylus 2025?","1","1","Fig3080","https://old.reddit.com/r/PickAnAndroidForMe/comments/1ud7qwo/samsung_a37_or_moto_g_stylus_2025/"
"2026-06-22 17:14","A57","r/SAtechnews","Samsung Galaxy A57 review ? One year on, very little has changed","1","0","SAtechnewsbot","https://old.reddit.com/r/SAtechnews/comments/1ucib2h/samsung_galaxy_a57_review_one_year_on_very_little/"
"2026-06-21 23:29","A57","r/AskSerbia","Kakav je Samsung Galaxy A57?","4","10","neopravdano_odsutan","https://old.reddit.com/r/AskSerbia/comments/1ubwndw/kakav_je_samsung_galaxy_a57/"
"2026-06-21 21:25","A57","r/samsunggalaxy","Samsung Galaxy A57 suddenly restarting","2","2","SyntheticPink_","https://old.reddit.com/r/samsunggalaxy/comments/1ubtk42/samsung_galaxy_a57_suddenly_restarting/"
"2026-06-20 22:33","A57","r/samsunggalaxy","Galaxy A57 not eligible for Spectrum Mobile?","1","4","NeroFMX","https://old.reddit.com/r/samsunggalaxy/comments/1ub1p3a/galaxy_a57_not_eligible_for_spectrum_mobile/"
"2026-06-20 21:07","A57","r/Smartphones","Should I get the Samsung Galaxy A57 5G or a Xiaomi Poco x8 Pro?","","9","SillyUser8212","https://old.reddit.com/r/Smartphones/comments/1uazmpx/should_i_get_the_samsung_galaxy_a57_5g_or_a/"
"2026-06-20 18:18","A57","r/samsunggalaxy","Should I get the Samsung Galaxy A57 5G or a Xiaomi Poco x8 Pro?","","0","SillyUser8212","https://old.reddit.com/r/samsunggalaxy/comments/1uavt4e/should_i_get_the_samsung_galaxy_a57_5g_or_a/"
"2026-06-19 23:57","A37","r/CelularesBR","SAMSUNG: A36 ou A37?","1","6","ArteCarnivoraLatina","https://old.reddit.com/r/CelularesBR/comments/1ua9ree/samsung_a36_ou_a37/"
"2026-06-19 06:19","A37","r/Tech_Philippines","Samsung A37 5g Issue!!","2","4","Mysterious_Rule_631","https://old.reddit.com/r/Tech_Philippines/comments/1u9nn3t/samsung_a37_5g_issue/"
"2026-06-18 11:05","A37 / A57","r/CelularesBR","Qual celular intermedi?rio comprar. Motorola G86 vs Galaxy A36 vs Galaxy A37 vs Galaxy A56 vs A galaxy A57","","2","Naive-Competition-25","https://old.reddit.com/r/CelularesBR/comments/1u8xoi7/qual_celular_intermedi?rio_comprar_motorola_g86/"
"2026-06-17 13:54","A37","r/samsunggalaxy","Is galaxy a37 worth?","","7","Brilliant_Ear7206","https://old.reddit.com/r/samsunggalaxy/comments/1u84akm/is_galaxy_a37_worth/"
"2026-06-17 04:28","A37","r/GalaxyS7","Does anywhere to buy a Samsung a37 battery replacement?","0","1","2021gettingready","https://old.reddit.com/r/GalaxyS7/comments/1u7t0ai/does_anywhere_to_buy_a_samsung_a37_battery/"
"2026-06-16 10:55","A37","r/FrandroidBonsPlans","Ce pack avec le Samsung Galaxy A37 5G et une batterie externe de 10 000 mAh mise sur l?autonomie et l?accessibilit? avec 102 ? de r?duction","","0","Droidfr","https://old.reddit.com/r/FrandroidBonsPlans/comments/1u74i3g/ce_pack_avec_le_samsung_galaxy_a37_5g_et_une/"
"2026-06-13 18:45","A37","r/FrandroidBonsPlans","En promo ? 400 ? : faut-il craquer pour le classique Samsung Galaxy A37 ou l?audacieux Nothing Phone (4a) ?","","0","Droidfr","https://old.reddit.com/r/FrandroidBonsPlans/comments/1u4qpl0/en_promo_?_400_fautil_craquer_pour_le_classique/"
"2026-06-08 13:29","A37","r/Smartphones","samsung a37 5g","3","3","h4rrtss","https://old.reddit.com/r/Smartphones/comments/1u01fa7/samsung_a37_5g/"
"2026-06-08 13:26","A37","r/Tech_Philippines","samsung a37 5g","2","3","h4rrtss","https://old.reddit.com/r/Tech_Philippines/comments/1u01dj7/samsung_a37_5g/"
"2026-06-08 12:51","A37","r/ShopeePH","Sulit na po ba? Samsung A37 8GB/128GB for 8.9k","","12","raffyongleo","https://old.reddit.com/r/ShopeePH/comments/1u00she/sulit_na_po_ba_samsung_a37_8gb128gb_for_89k/"
"2026-06-07 07:44","A37","r/Tech_Philippines","Samsung A37 5G - good or just okay price?","0","1","warmregardz","https://old.reddit.com/r/Tech_Philippines/comments/1tyzkmr/samsung_a37_5g_good_or_just_okay_price/"
"2026-06-07 00:16","A37","r/ShopeePH","Samsung A37 5G - good or just okay price?","","0","warmregardz","https://old.reddit.com/r/ShopeePH/comments/1typddd/samsung_a37_5g_good_or_just_okay_price/"
"2026-06-06 20:55","A37","r/Smartphones","Samsung A37 issue","1","0","Sufficient_Bid_3312","https://old.reddit.com/r/Smartphones/comments/1tyk6kn/samsung_a37_issue/"
"2026-06-06 18:37","A37","r/ShopeePH","6.6 Samsung A37 5G","2","3","Known-Match5632","https://old.reddit.com/r/ShopeePH/comments/1tygu1k/66_samsung_a37_5g/"
"2026-06-06 14:11","A37","r/AtinAtinLang","Atin-Atin Lang: Samsung A37 5g 128gb for 9k!","15","11","quokkahannieee","https://old.reddit.com/r/AtinAtinLang/comments/1tybuln/atinatin_lang_samsung_a37_5g_128gb_for_9k/"
"2026-06-05 20:33","A37","r/ShopeePH","Samsung A37 5G","5","13","noideaa22","https://old.reddit.com/r/ShopeePH/comments/1txnic0/samsung_a37_5g/"
"2026-06-04 21:59","A37","r/dapsCA","Samsung Galaxy A37, 256GB, Awesome Charcoal, 5G (Unlocked, CAD Version) - 6.7"" sAMOLED FHD+ Display, Awesome Intelligence, 6GB Ram, 4K@30fps, 45W Fast Charging $549.99 (lowest)","1","0","flipzone","https://old.reddit.com/r/dapsCA/comments/1twsrbk/samsung_galaxy_a37_256gb_awesome_charcoal_5g/"
