Decision,Score,Theme,Feature,Country,Reason,Subreddit,Title,Link
"ACCEPT",5,"Buying Advice","6 OS upgrades and long-term software support","Unknown","Clear buying intent with the Samsung Galaxy A57 explicitly named as a shortlisted option. OP is actively comparing A57 vs Z Flip 6 vs S26 FE for everyday use like music and YouTube. No Samsung hate detected, no prior purchase made. A57 naturally fits the OP's light usage needs and budget-conscious mindset. Comments already lean toward recommending the A57, making this a perfect engagement opportunity.","r/samsunggalaxy","A57 now or S26 FE later?","https://old.reddit.com/r/samsunggalaxy/comments/1uhyxzy/a57_now_or_s26_fe_later/"
"ACCEPT",4,"Performance","Snapdragon 7s Gen 3 processor with enhanced performance efficiency","Unknown","Clear buying intent comparing Samsung A57 vs S25 FE. Filipino language post (Tagalog) but country context is unclear. OP is actively deciding between two phones for a backup phone replacement. Samsung A57 is directly mentioned and being evaluated. Comments are constructive comparisons, no Samsung hate or prior purchase detected. Performance is the dominant theme. A37/A57 naturally fits as the A57 is already in consideration, allowing a meaningful comparison or recommendation angle.","r/Tech_Philippines","Samsung - A57 (12GB ram) or S25FE (8GB ram)?","https://old.reddit.com/r/Tech_Philippines/comments/1uftaqf/samsung_a57_12gb_ram_or_s25fe_8gb_ram/"
"ACCEPT",5,"Longevity","6 OS upgrades (updates until 2032)","Unknown","Clear buying intent with direct comparison between Samsung A57 and POCO X8 Pro. OP explicitly mentions longevity (4-5 years), software updates, and camera quality as decision factors. Samsung A57 is already one of the two options being considered, making it a natural fit. Budget appears to be in comparable range for both devices. Post is in Portuguese (likely Brazil), not India, but Samsung A57 fits naturally. OP is not anti-Samsung and highlights Samsung's update advantage (until 2032) as a positive factor.","r/xiaomibrasil","POCO X8 PRO (12RAM e 512gb) x SAMSUNG A57 (8ram e 256gb)","https://old.reddit.com/r/xiaomibrasil/comments/1ufe63i/poco_x8_pro_12ram_e_512gb_x_samsung_a57_8ram_e/"
"ACCEPT",4,"Buying Advice","6 OS upgrades and software support until 2032","Unknown","Clear buying intent with direct comparison between POCO X8 Pro and Samsung A57. OP is undecided and explicitly mentions longevity (4-5 years), camera quality, and software updates as key concerns. Samsung A57 is already in the comparison. Comment recommending against Samsung A series provides an opportunity to counter with A57's longevity and update support advantages. Budget context is unclear but Samsung A57 is within range. Post is in Portuguese suggesting Brazil/Latin America, categorized as Unknown.","r/Smartphones","POCO X8 PRO (12RAM e 512gb) ou SAMSUNG A57 (8ram e 256gb)","https://old.reddit.com/r/Smartphones/comments/1ufe4n0/poco_x8_pro_12ram_e_512gb_ou_samsung_a57_8ram_e/"
"ACCEPT",4,"Camera","50MP OIS camera","Unknown","Comment shows clear buying intent with A57 explicitly mentioned as a consideration, camera focus aligns with Samsung A57 strengths, and no Samsung/One UI hate detected. Budget is unknown but A57 fits the mid-range casual use case described.","r/Smartphones","Is the Galaxy A57 worth it?","https://old.reddit.com/r/Smartphones/comments/1uf30r7/is_the_galaxy_a57_worth_it/"
"ACCEPT",5,"Buying Advice","6 OS upgrades","US","Clear buying intent with direct Samsung A37 comparison against Moto G Stylus 2025. Budget of ~$300 fits within range, user is actively choosing between the two phones, and the concern about software support makes the A37's 6 OS upgrade promise a natural and compelling selling point.","r/PickAnAndroidForMe","Samsung a37 or moto g stylus 2025?","https://old.reddit.com/r/PickAnAndroidForMe/comments/1ud7qwo/samsung_a37_or_moto_g_stylus_2025/"
"ACCEPT",5,"Camera","50MP with OIS","Unknown","OP has explicit buying intent comparing Samsung Galaxy A57 5G vs Xiaomi Poco X8 Pro, with a strong camera and everyday use focus. Samsung A57 naturally fits their photography and social media needs. OP also directly mentions the A37 for their dad, making this a dual buying opportunity. No Samsung hate detected, no purchase made yet.","r/Smartphones","Should I get the Samsung Galaxy A57 5G or a Xiaomi Poco x8 Pro?","https://old.reddit.com/r/Smartphones/comments/1uazmpx/should_i_get_the_samsung_galaxy_a57_5g_or_a/"
"ACCEPT",4,"Camera","50MP camera with OIS","Unknown","Clear buying intent with direct mention of Samsung Galaxy A57 as a candidate, comparison against Xiaomi Poco X8 Pro, and camera/photography as the primary use case. OP is upgrading from Galaxy A12 and also asks about A37 for their dad, making both target devices naturally relevant. No explicit Samsung/One UI hate detected, no budget mentioned to disqualify, and topic is squarely buying/upgrade advice with camera focus.","r/samsunggalaxy","Should I get the Samsung Galaxy A57 5G or a Xiaomi Poco x8 Pro?","https://old.reddit.com/r/samsunggalaxy/comments/1uavt4e/should_i_get_the_samsung_galaxy_a57_5g_or_a/"
"ACCEPT",5,"Camera","50MP OIS camera","India","Clear buying intent with explicit budget of ~35k INR (within range), India context confirmed, OP is a light user seeking good camera, actively comparing A37 vs A56 vs S24FE, no Samsung hate detected, Samsung A37 naturally fits as a recommendation in this price segment.","r/samsunggalaxy","Is galaxy a37 worth?","https://old.reddit.com/r/samsunggalaxy/comments/1u84akm/is_galaxy_a37_worth/"
"ACCEPT",5,"Buying Advice","50MP camera, 5G connectivity, and 6 OS upgrades for long-term value","Unknown","Clear and explicit buying intent with direct comparison between Samsung A37, A57, and iPhone 12. OP is actively torn between options, mentions budget sensitivity (waiting for Shopee sales), and is upgrading from an S20 FE due to heat and battery issues. No Samsung hate detected. Comments reinforce the A57 recommendation. Language context (Tagalog phrases) suggests Philippines, but mapped to Unknown as it is not in the defined country list. Samsung A37/A57 naturally fits all stated requirements.","r/Tech_Philippines","samsung a37 5g","https://old.reddit.com/r/Tech_Philippines/comments/1u01dj7/samsung_a37_5g/"
