date,phone,subreddit,title,upvotes,comments,author,link
"2026-06-30 21:29","S26","r/SamsungSingapore","My Thoughts After Extended Use - Samsung Galaxy S26 Ultra","3","0","pikkipoppy","https://old.reddit.com/r/SamsungSingapore/comments/1ujt7z7/my_thoughts_after_extended_use_samsung_galaxy_s26/"
"2026-06-30 21:03","A57","r/samsunggalaxy","📖Discussion📕🖊️   Samsung Galaxy A57 5G – Which screen protector and case are actually worth buying?","0","0","MiserlyGhost","https://old.reddit.com/r/samsunggalaxy/comments/1ujsihx/samsung_galaxy_a57_5g_which_screen_protector_and/"
"2026-06-30 20:59","S26","r/samsunggalaxy","📖Discussion📕🖊️   Thinking of upgrading to the S26 Ultra","0","3","Adventurous-Pie-2762","https://old.reddit.com/r/samsunggalaxy/comments/1ujsenf/thinking_of_upgrading_to_the_s26_ultra/"
"2026-06-30 20:55","A57","r/GalaxyA57","Samsung Galaxy A57 5G – Which screen protector and case are actually worth buying?","1","3","MiserlyGhost","https://old.reddit.com/r/GalaxyA57/comments/1ujsb6v/samsung_galaxy_a57_5g_which_screen_protector_and/"
"2026-06-30 20:54","A57","r/Smartphones","Samsung Galaxy A57 5G – Which screen protector and case are actually worth buying?","1","3","MiserlyGhost","https://old.reddit.com/r/Smartphones/comments/1ujsakm/samsung_galaxy_a57_5g_which_screen_protector_and/"
"2026-06-30 20:38","S26","r/galaxys26ultra","S26 Ultra Black Model, Bezel Questions.","4","2","FreakyOne87","https://old.reddit.com/r/galaxys26ultra/comments/1ujruwz/s26_ultra_black_model_bezel_questions/"
"2026-06-30 20:32","A57","r/GalaxyA57","A57","1","1","Connect_Response2405","https://old.reddit.com/r/GalaxyA57/comments/1ujrph0/a57/"
"2026-06-30 19:33","S26","r/galaxys26ultra","I bought an 1tb S26 Ultra today","11","6","No-Combination-2373","https://old.reddit.com/r/galaxys26ultra/comments/1ujq5co/i_bought_an_1tb_s26_ultra_today/"
"2026-06-30 17:45","S26","r/galaxys26ultra","S24 ultra to S26 ultra. Is it worth it only foe the privacy screen?","11","21","MrEvetbody","https://old.reddit.com/r/galaxys26ultra/comments/1ujnjqe/s24_ultra_to_s26_ultra_is_it_worth_it_only_foe/"
"2026-06-30 17:31","S26","r/x360mobile","Galaxy S26 Ultra black screen fix?","1","0","Commando_2k","https://old.reddit.com/r/x360mobile/comments/1ujn8q5/galaxy_s26_ultra_black_screen_fix/"
"2026-06-30 16:29","S26","r/samsunggalaxy","🧑‍🏫Review👩‍🏫   ai benchmark and regular benchmark on s25 vs s26 ultra","1","6","tea_decision","https://old.reddit.com/r/samsunggalaxy/comments/1ujlz9u/ai_benchmark_and_regular_benchmark_on_s25_vs_s26/"
"2026-06-30 16:03","S26","r/SamsungGalaxyS26U","Shot on the Galaxy S26 Ultra using APV codec + Open Gate. What do you think?","1","0","New-Huckleberry501","https://old.reddit.com/r/SamsungGalaxyS26U/comments/1ujlhzm/shot_on_the_galaxy_s26_ultra_using_apv_codec_open/"
"2026-06-30 15:54","S26","r/evaaratech","SAMSUNG GALAXY S26 ULTRA 12GB / 256GB – BRAND NEW 🆕","1","0","Evaaraadmin16","https://old.reddit.com/r/evaaratech/comments/1ujlcj4/samsung_galaxy_s26_ultra_12gb_256gb_brand_new/"
"2026-06-30 15:52","S26","r/galaxys26ultra","Joining the S26 Ultra club","3","3","Friendly_Potential69","https://old.reddit.com/r/galaxys26ultra/comments/1ujlb2q/joining_the_s26_ultra_club/"
"2026-06-30 15:40","S26","r/galaxys26","Resident Evil 4 Remake On Android (Samsung S26)| Snapdragon 8 Elite Gen 5 for Galaxy (Winlator)","1","0","Ok-Option6350","https://old.reddit.com/r/galaxys26/comments/1ujl34q/resident_evil_4_remake_on_android_samsung_s26/"
"2026-06-30 15:39","S26","r/residentevil","Resident Evil 4 Remake On Android (Samsung S26)| Snapdragon 8 Elite Gen 5 for Galaxy (Winlator)","2","0","Ok-Option6350","https://old.reddit.com/r/residentevil/comments/1ujl2pb/resident_evil_4_remake_on_android_samsung_s26/"
"2026-06-30 15:38","S26","r/GameHubAndroid","Resident Evil 4 Remake On Android (Samsung S26)| Snapdragon 8 Elite Gen 5 for Galaxy (Winlator)","1","0","Ok-Option6350","https://old.reddit.com/r/GameHubAndroid/comments/1ujl275/resident_evil_4_remake_on_android_samsung_s26/"
"2026-06-30 15:38","S26","r/MaxsTechReview","Resident Evil 4 Remake On Android (Samsung S26)| Snapdragon 8 Elite Gen 5 for Galaxy (Winlator)","1","0","Ok-Option6350","https://old.reddit.com/r/MaxsTechReview/comments/1ujl1ys/resident_evil_4_remake_on_android_samsung_s26/"
"2026-06-30 15:37","S26","r/samsunggalaxy","🧑‍🏫Review👩‍🏫   Resident Evil 4 Remake On Android (Samsung S26)| Snapdragon 8 Elite Gen 5 for Galaxy (Winlator)","0","0","Ok-Option6350","https://old.reddit.com/r/samsunggalaxy/comments/1ujl1pz/resident_evil_4_remake_on_android_samsung_s26/"
"2026-06-30 15:37","S26","r/AndroidEmulation","Resident Evil 4 Remake On Android (Samsung S26)| Snapdragon 8 Elite Gen 5 for Galaxy (Winlator)","1","0","Ok-Option6350","https://old.reddit.com/r/AndroidEmulation/comments/1ujl1ex/resident_evil_4_remake_on_android_samsung_s26/"
"2026-06-30 15:37","S26","r/EmulationOnAndroid","Resident Evil 4 Remake On Android (Samsung S26)| Snapdragon 8 Elite Gen 5 for Galaxy (Winlator)","11","1","Ok-Option6350","https://old.reddit.com/r/EmulationOnAndroid/comments/1ujl17y/resident_evil_4_remake_on_android_samsung_s26/"
"2026-06-30 15:33","S26","r/winlator","Resident Evil 4 Remake On Android (Samsung S26)| Snapdragon 8 Elite Gen 5 for Galaxy (Winlator)","10","12","Ok-Option6350","https://old.reddit.com/r/winlator/comments/1ujkyxo/resident_evil_4_remake_on_android_samsung_s26/"
"2026-06-30 15:14","S26","r/S25FE","Pixel 10 vs Galaxy S25 vs Galaxy S26 (256GB) – Which would you choose?","7","16","Expert-Salt-2244","https://old.reddit.com/r/S25FE/comments/1ujkmx8/pixel_10_vs_galaxy_s25_vs_galaxy_s26_256gb_which/"
"2026-06-30 15:13","S26","r/Smartphones","Pixel 10 vs Galaxy S25 vs Galaxy S26 (256GB) – Which would you choose?","4","3","Expert-Salt-2244","https://old.reddit.com/r/Smartphones/comments/1ujkm8j/pixel_10_vs_galaxy_s25_vs_galaxy_s26_256gb_which/"
"2026-06-30 14:57","S26","r/Smartphones","Pixel 10 vs Galaxy S25 vs Galaxy S26? 256 all","2","11","Expert-Salt-2244","https://old.reddit.com/r/Smartphones/comments/1ujkcl6/pixel_10_vs_galaxy_s25_vs_galaxy_s26_256_all/"
"2026-06-30 14:55","S26","r/AndroidQuestions","Pixel 10 vs Galaxy S25 vs Galaxy S26? 256 GB all","2","7","Expert-Salt-2244","https://old.reddit.com/r/AndroidQuestions/comments/1ujkbec/pixel_10_vs_galaxy_s25_vs_galaxy_s26_256_gb_all/"
"2026-06-30 14:48","S26","r/PickAnAndroidForMe","Ireland  Pixel 10 vs Galaxy S25 vs Galaxy S26? 256 GB all","3","13","Expert-Salt-2244","https://old.reddit.com/r/PickAnAndroidForMe/comments/1ujk74p/pixel_10_vs_galaxy_s25_vs_galaxy_s26_256_gb_all/"
"2026-06-30 12:10","S26","r/Frandroid","Plus léger qu’un S26 Ultra, le Galaxy Z Fold 8 serait moins bien équipé","1","0","r-humanoid","https://old.reddit.com/r/Frandroid/comments/1ujhiuu/plus_léger_quun_s26_ultra_le_galaxy_z_fold_8/"
"2026-06-30 11:44","S26","r/samsunggalaxy","1 week being with samsung (s26 ultra)","15","5","suicidecatto1243","https://old.reddit.com/r/samsunggalaxy/comments/1ujh1xt/1_week_being_with_samsung_s26_ultra/"
"2026-06-30 11:38","S26","r/SchmidtisBlog","Samsung Galaxy S26 Ultra: Privacy Display löst ein alltägliches Problem","1","0","Schmidtis_Blog","https://old.reddit.com/r/SchmidtisBlog/comments/1ujgxy8/samsung_galaxy_s26_ultra_privacy_display_löst_ein/"
"2026-06-30 10:38","S26","r/PickAnAndroidForMe","INDIA  Getting S25 Ultra for the same price of regular S26. Is it worth waiting for Pixel 11?","1","4","Key_Scallion_8737","https://old.reddit.com/r/PickAnAndroidForMe/comments/1ujfuqp/getting_s25_ultra_for_the_same_price_of_regular/"
"2026-06-30 10:36","S26","r/Smartphones","Getting S25 Ultra for the same price of regular S26. Is it worth waiting for Pixel 11? Looking for Android only.","3","13","Key_Scallion_8737","https://old.reddit.com/r/Smartphones/comments/1ujft9g/getting_s25_ultra_for_the_same_price_of_regular/"
"2026-06-30 07:46","S26","r/galaxys26ultra","Shot on the Galaxy S26 Ultra using APV codec + Open Gate. What do you think?","24","10","New-Huckleberry501","https://old.reddit.com/r/galaxys26ultra/comments/1ujcbam/shot_on_the_galaxy_s26_ultra_using_apv_codec_open/"
"2026-06-30 07:33","S26","r/galaxys26","New S26/Mint Mobile Deal for $400.","1","0","whydidwegethere","https://old.reddit.com/r/galaxys26/comments/1ujc1ge/new_s26mint_mobile_deal_for_400/"
"2026-06-30 06:47","A57","r/Smartphones","SAMSUNG A57 vs. POCO X8 PRO","1","8","AvailableOriginal213","https://old.reddit.com/r/Smartphones/comments/1ujb1eu/samsung_a57_vs_poco_x8_pro/"
"2026-06-30 06:03","S26","r/samsunggalaxy","Joined the Galaxy S26 family!","37","6","SnooDoggos353","https://old.reddit.com/r/samsunggalaxy/comments/1uja23w/joined_the_galaxy_s26_family/"
"2026-06-30 03:44","S26","r/Smartphones","Samsung Galaxy S26 Ultra or iPhone 17 Pro Max for content creation?","2","5","samuraipanda07","https://old.reddit.com/r/Smartphones/comments/1uj6q45/samsung_galaxy_s26_ultra_or_iphone_17_pro_max_for/"
"2026-06-30 03:41","S26","r/galaxys26ultra","Popsockets Low Pro on S26 Ultra","56","18","Silver-Track7952","https://old.reddit.com/r/galaxys26ultra/comments/1uj6n6u/popsockets_low_pro_on_s26_ultra/"
"2026-06-30 03:34","S26","r/samsunggalaxy","Update regarding the TikTok S26 Ultra Deal (It Came!)","13","6","Alkier","https://old.reddit.com/r/samsunggalaxy/comments/1uj6hg1/update_regarding_the_tiktok_s26_ultra_deal_it_came/"
"2026-06-30 02:05","S26","r/galaxys26ultra","Battery use issue with Samsung Galaxy S26 Ultra","2","0","kunibertkunibert","https://old.reddit.com/r/galaxys26ultra/comments/1uj44sx/battery_use_issue_with_samsung_galaxy_s26_ultra/"
"2026-06-30 02:04","S26","r/Strava","Battery use issue with Samsung Galaxy S26 Ultra","5","2","kunibertkunibert","https://old.reddit.com/r/Strava/comments/1uj43w3/battery_use_issue_with_samsung_galaxy_s26_ultra/"
"2026-06-30 01:36","S26","r/galaxys26ultra","S26 Ultra Ai Assistant","8","11","AdRevolutionary5755","https://old.reddit.com/r/galaxys26ultra/comments/1uj3d68/s26_ultra_ai_assistant/"
"2026-06-29 23:30","S26","r/galaxys26ultra","S26 Ultra sale","11","10","Kyylock","https://old.reddit.com/r/galaxys26ultra/comments/1uizwur/s26_ultra_sale/"
"2026-06-29 23:14","S26","r/dubaiclassifieds","[WTS] Samsung Galaxy S26 Ultra","4","9","TheEnterviews","https://old.reddit.com/r/dubaiclassifieds/comments/1uizh2c/wts_samsung_galaxy_s26_ultra/"
"2026-06-29 23:12","S26","r/reddit_ukr","Що купити Samsung Galaxy S26 + Galaxy Watch 8 або Iphone 17 + Apple Watch SE3.","4","35","Sudden_Finish_3192","https://old.reddit.com/r/reddit_ukr/comments/1uize8w/що_купити_samsung_galaxy_s26_galaxy_watch_8_або/"
"2026-06-29 23:09","S26","r/samsunggalaxy","Samsung Galaxy S26 + Galaxy Watch 8 or iPhone 17 + Apple Watch SE3.","2","4","Sudden_Finish_3192","https://old.reddit.com/r/samsunggalaxy/comments/1uizc29/samsung_galaxy_s26_galaxy_watch_8_or_iphone_17/"
"2026-06-29 23:05","S26","r/Smartphones","Samsung Galaxy S26 + Galaxy Watch 8 or iPhone 17 + Apple Watch SE3.","2","1","Sudden_Finish_3192","https://old.reddit.com/r/Smartphones/comments/1uiz83t/samsung_galaxy_s26_galaxy_watch_8_or_iphone_17/"
"2026-06-29 21:51","S26","r/galaxys26ultra","upgrading to S26 Ultra","15","25","Ready_Inspection2763","https://old.reddit.com/r/galaxys26ultra/comments/1uix6hg/upgrading_to_s26_ultra/"
"2026-06-29 20:37","S26","r/galaxys26ultra","Galaxy S26 Ultra randomly stops working properly after 4–5 days.","6","11","imadlocco","https://old.reddit.com/r/galaxys26ultra/comments/1uiv4m2/galaxy_s26_ultra_randomly_stops_working_properly/"
"2026-06-29 18:27","S26","r/SamsungSingapore","Galaxy S26 Ultra extended use","3","1","Lacielz","https://old.reddit.com/r/SamsungSingapore/comments/1uirsh2/galaxy_s26_ultra_extended_use/"
"2026-06-29 16:18","S26","r/galaxys26ultra","S26 Ultra Case","7","12","FalconLover4ever","https://old.reddit.com/r/galaxys26ultra/comments/1uip2eg/s26_ultra_case/"
"2026-06-29 15:14","S26","r/galaxys26ultra","Velocidade de carregamento do Galaxy S26 Ultra.","3","2","CHenri_","https://old.reddit.com/r/galaxys26ultra/comments/1uinwcx/velocidade_de_carregamento_do_galaxy_s26_ultra/"
"2026-06-29 14:14","S26","r/galaxys26ultra","Samsung S26 Ultra 512GB Enterprise Edition vs Samsung S26 Ultra 1TB","0","11","davidbag","https://old.reddit.com/r/galaxys26ultra/comments/1uimw0b/samsung_s26_ultra_512gb_enterprise_edition_vs/"
"2026-06-29 11:38","A57","r/ShopeePH","Samsung A57 5g 512 GB for 22k","7","8","PuzzleheadedValue237","https://old.reddit.com/r/ShopeePH/comments/1uik6kl/samsung_a57_5g_512_gb_for_22k/"
"2026-06-29 07:15","S26","r/galaxys26ultra","Caudabe's Synthesis S26 Ultra Case Surprised Me - Not Just For Looks!","0","0","Belxarion","https://old.reddit.com/r/galaxys26ultra/comments/1uif20b/caudabes_synthesis_s26_ultra_case_surprised_me/"
"2026-06-29 07:03","S26","r/galaxys26ultra","Upgrading to S26 ultra from S24 ultra","23","11","Ok_Paramedic8027","https://old.reddit.com/r/galaxys26ultra/comments/1uiesow/upgrading_to_s26_ultra_from_s24_ultra/"
"2026-06-29 03:07","S26","r/galaxys26","Best time to get a good deal on the base S26? (Samsung.com)","1","0","SyrupOk2623","https://old.reddit.com/r/galaxys26/comments/1ui9k8e/best_time_to_get_a_good_deal_on_the_base_s26/"
"2026-06-28 21:30","A57","r/Frandroid","Honor 600 vs Samsung Galaxy A57 : comment choisir le meilleur smartphone milieu de gamme ?","1","0","r-humanoid","https://old.reddit.com/r/Frandroid/comments/1ui10c5/honor_600_vs_samsung_galaxy_a57_comment_choisir/"
"2026-06-28 10:31","A57","r/MinecraftBedrockers","Vibrant visuals en A57?","1","0","MrZhadow","https://old.reddit.com/r/MinecraftBedrockers/comments/1uho4vg/vibrant_visuals_en_a57/"