date,phone,subreddit,title,upvotes,comments,author,link
"2026-07-02 11:48","S26","r/samsunggalaxy","Anyone else notice a faint ring around the front camera on the S26 Ultra?","1","4","optionalFcuk","https://old.reddit.com/r/samsunggalaxy/comments/1ula58e/anyone_else_notice_a_faint_ring_around_the_front/"
"2026-07-02 11:46","S26","r/galaxys26ultra","Anyone else notice a faint ring around the front camera on the S26 Ultra?","1","1","optionalFcuk","https://old.reddit.com/r/galaxys26ultra/comments/1ula3yd/anyone_else_notice_a_faint_ring_around_the_front/"
"2026-07-02 11:15","A57","r/TechPilipinas","Is the Samsung Galaxy A57 5G worth the price?","2","4","Wilda_girl","https://old.reddit.com/r/TechPilipinas/comments/1ul9jrr/is_the_samsung_galaxy_a57_5g_worth_the_price/"
"2026-07-02 10:52","S26","r/samsunggalaxy","Recommendation Request🙏   How does the s26 (standard) compare in terms of photography with the vivo x300 pro?","1","17","Hidden_Genius1","https://old.reddit.com/r/samsunggalaxy/comments/1ul94o3/how_does_the_s26_standard_compare_in_terms_of/"
"2026-07-02 10:44","S26","r/Vivo","Should I get a Vivo x300 pro or s26 (standard) ?","2","8","Hidden_Genius1","https://old.reddit.com/r/Vivo/comments/1ul8yxw/should_i_get_a_vivo_x300_pro_or_s26_standard/"
"2026-07-02 06:50","S26","r/samsunggalaxy","Using official Samsung mag case on my S26 Ultra, and its affecting my S-Pen even when i don't have an accessory attached","1","4","EriNeptune","https://old.reddit.com/r/samsunggalaxy/comments/1ul45sc/using_official_samsung_mag_case_on_my_s26_ultra/"
"2026-07-02 01:24","S26","r/samsunggalaxy","Recommendation Request🙏   Which case for s26+","5","17","Senior_Web2166","https://old.reddit.com/r/samsunggalaxy/comments/1ukw5r9/which_case_for_s26/"
"2026-07-02 00:34","S26","r/dbrand","Have the issues with the S26 Ultra Tank Case button sensitivity been fixed?","1","4","Pavel_28","https://old.reddit.com/r/dbrand/comments/1ukusqb/have_the_issues_with_the_s26_ultra_tank_case/"
"2026-07-01 21:42","S26","r/Smartphones","Samsung s26?","2","0","SuccotashNo9287","https://old.reddit.com/r/Smartphones/comments/1ukq2xc/samsung_s26/"
"2026-07-01 19:09","S26","r/galaxys26ultra","S26 ultra","185","33","PartMindless4717","https://old.reddit.com/r/galaxys26ultra/comments/1ukm09q/s26_ultra/"
"2026-07-01 18:16","S26","r/samsunggalaxy","Switching from base S23 to either S25 Ultra or S26 Ultra","5","11","SerExcalipurr","https://old.reddit.com/r/samsunggalaxy/comments/1ukkp3v/switching_from_base_s23_to_either_s25_ultra_or/"
"2026-07-01 10:45","S26","r/samsunggalaxy","I have a s22 ultra and I have, found a s26 for 380 new should I get it","2","0","dark_kinght9814","https://old.reddit.com/r/samsunggalaxy/comments/1ukcfny/i_have_a_s22_ultra_and_i_have_found_a_s26_for_380/"
"2026-07-01 09:48","S26","r/galaxys26ultra","The truth about the S26 ultra","0","62","Jazzlike-Reality-970","https://old.reddit.com/r/galaxys26ultra/comments/1ukbbdl/the_truth_about_the_s26_ultra/"
"2026-07-01 03:56","S26","r/galaxys26ultra","The S26 ultra is a beast!","44","44","Many-Choice-5450","https://old.reddit.com/r/galaxys26ultra/comments/1uk3osf/the_s26_ultra_is_a_beast/"
"2026-07-01 00:10","S26","r/VITURE","XR Pros Samsung S26","4","8","Wild-Illustrator9639","https://old.reddit.com/r/VITURE/comments/1ujxo23/xr_pros_samsung_s26/"
"2026-06-30 22:56","S26","r/Smartphones","Pixel 10 vs Galaxy S25 vs Galaxy S26? 256 GB all","1","1","Expert-Salt-2244","https://old.reddit.com/r/Smartphones/comments/1ujvlmp/pixel_10_vs_galaxy_s25_vs_galaxy_s26_256_gb_all/"
"2026-06-30 21:29","S26","r/SamsungSingapore","My Thoughts After Extended Use - Samsung Galaxy S26 Ultra","3","0","pikkipoppy","https://old.reddit.com/r/SamsungSingapore/comments/1ujt7z7/my_thoughts_after_extended_use_samsung_galaxy_s26/"
"2026-06-30 21:03","A57","r/samsunggalaxy","Samsung Galaxy A57 5G – Which screen protector and case are actually worth buying?","","0","MiserlyGhost","https://old.reddit.com/r/samsunggalaxy/comments/1ujsihx/samsung_galaxy_a57_5g_which_screen_protector_and/"
"2026-06-30 20:55","A57","r/GalaxyA57","Samsung Galaxy A57 5G – Which screen protector and case are actually worth buying?","","7","MiserlyGhost","https://old.reddit.com/r/GalaxyA57/comments/1ujsb6v/samsung_galaxy_a57_5g_which_screen_protector_and/"
"2026-06-30 20:54","A57","r/Smartphones","Samsung Galaxy A57 5G – Which screen protector and case are actually worth buying?","1","3","MiserlyGhost","https://old.reddit.com/r/Smartphones/comments/1ujsakm/samsung_galaxy_a57_5g_which_screen_protector_and/"
"2026-06-30 17:45","S26","r/galaxys26ultra","S24 ultra to S26 ultra. Is it worth it only foe the privacy screen?","13","30","MrEvetbody","https://old.reddit.com/r/galaxys26ultra/comments/1ujnjqe/s24_ultra_to_s26_ultra_is_it_worth_it_only_foe/"
"2026-06-30 15:52","S26","r/galaxys26ultra","Joining the S26 Ultra club","7","5","Friendly_Potential69","https://old.reddit.com/r/galaxys26ultra/comments/1ujlb2q/joining_the_s26_ultra_club/"
"2026-06-30 15:14","S26","r/S25FE","Pixel 10 vs Galaxy S25 vs Galaxy S26 (256GB) – Which would you choose?","9","16","Expert-Salt-2244","https://old.reddit.com/r/S25FE/comments/1ujkmx8/pixel_10_vs_galaxy_s25_vs_galaxy_s26_256gb_which/"
"2026-06-30 15:13","S26","r/Smartphones","Pixel 10 vs Galaxy S25 vs Galaxy S26 (256GB) – Which would you choose?","5","5","Expert-Salt-2244","https://old.reddit.com/r/Smartphones/comments/1ujkm8j/pixel_10_vs_galaxy_s25_vs_galaxy_s26_256gb_which/"
"2026-06-30 14:57","S26","r/Smartphones","Pixel 10 vs Galaxy S25 vs Galaxy S26? 256 all","2","12","Expert-Salt-2244","https://old.reddit.com/r/Smartphones/comments/1ujkcl6/pixel_10_vs_galaxy_s25_vs_galaxy_s26_256_all/"
"2026-06-30 14:55","S26","r/AndroidQuestions","Pixel 10 vs Galaxy S25 vs Galaxy S26? 256 GB all","2","11","Expert-Salt-2244","https://old.reddit.com/r/AndroidQuestions/comments/1ujkbec/pixel_10_vs_galaxy_s25_vs_galaxy_s26_256_gb_all/"
"2026-06-30 14:48","S26","r/PickAnAndroidForMe","Pixel 10 vs Galaxy S25 vs Galaxy S26? 256 GB all","3","27","Expert-Salt-2244","https://old.reddit.com/r/PickAnAndroidForMe/comments/1ujk74p/pixel_10_vs_galaxy_s25_vs_galaxy_s26_256_gb_all/"
"2026-06-30 14:43","S26","r/navimumbai","Samsung s26 base model","0","0","thatil","https://old.reddit.com/r/navimumbai/comments/1ujk4bl/samsung_s26_base_model/"
"2026-06-30 10:38","S26","r/PickAnAndroidForMe","Getting S25 Ultra for the same price of regular S26. Is it worth waiting for Pixel 11?","1","4","Key_Scallion_8737","https://old.reddit.com/r/PickAnAndroidForMe/comments/1ujfuqp/getting_s25_ultra_for_the_same_price_of_regular/"
"2026-06-30 10:36","S26","r/Smartphones","Getting S25 Ultra for the same price of regular S26. Is it worth waiting for Pixel 11? Looking for Android only.","5","13","Key_Scallion_8737","https://old.reddit.com/r/Smartphones/comments/1ujft9g/getting_s25_ultra_for_the_same_price_of_regular/"
"2026-06-30 06:03","S26","r/samsunggalaxy","Joined the Galaxy S26 family!","54","7","SnooDoggos353","https://old.reddit.com/r/samsunggalaxy/comments/1uja23w/joined_the_galaxy_s26_family/"
"2026-06-30 02:04","S26","r/Strava","Battery use issue with Samsung Galaxy S26 Ultra","3","3","kunibertkunibert","https://old.reddit.com/r/Strava/comments/1uj43w3/battery_use_issue_with_samsung_galaxy_s26_ultra/"
"2026-06-29 23:09","S26","r/samsunggalaxy","Samsung Galaxy S26 + Galaxy Watch 8 or iPhone 17 + Apple Watch SE3.","4","4","Sudden_Finish_3192","https://old.reddit.com/r/samsunggalaxy/comments/1uizc29/samsung_galaxy_s26_galaxy_watch_8_or_iphone_17/"
"2026-06-29 23:05","S26","r/Smartphones","Samsung Galaxy S26 + Galaxy Watch 8 or iPhone 17 + Apple Watch SE3.","2","1","Sudden_Finish_3192","https://old.reddit.com/r/Smartphones/comments/1uiz83t/samsung_galaxy_s26_galaxy_watch_8_or_iphone_17/"
"2026-06-29 20:37","S26","r/galaxys26ultra","Galaxy S26 Ultra randomly stops working properly after 4–5 days.","7","12","imadlocco","https://old.reddit.com/r/galaxys26ultra/comments/1uiv4m2/galaxy_s26_ultra_randomly_stops_working_properly/"
"2026-06-29 18:14","S26","r/samsunggalaxy","New S26 owner","167","21","Marius-Petran","https://old.reddit.com/r/samsunggalaxy/comments/1uirher/new_s26_owner/"
"2026-06-29 14:34","S26","r/samsunggalaxy","Heavy user coming from iPhone 13 – Is the Galaxy S25 Ultra still worth it over the S26 Ultra?","0","0","Viraj_Patel555","https://old.reddit.com/r/samsunggalaxy/comments/1uin7ue/heavy_user_coming_from_iphone_13_is_the_galaxy/"
"2026-06-29 14:31","S26","r/PickAnAndroidForMe","Heavy user coming from iPhone 13 – Is the Galaxy S25 Ultra still worth it over the S26 Ultra?","9","14","Viraj_Patel555","https://old.reddit.com/r/PickAnAndroidForMe/comments/1uin675/heavy_user_coming_from_iphone_13_is_the_galaxy/"
"2026-06-29 14:14","S26","r/galaxys26ultra","Samsung S26 Ultra 512GB Enterprise Edition vs Samsung S26 Ultra 1TB","2","11","davidbag","https://old.reddit.com/r/galaxys26ultra/comments/1uimw0b/samsung_s26_ultra_512gb_enterprise_edition_vs/"
"2026-06-29 11:38","A57","r/ShopeePH","Samsung A57 5g 512 GB for 22k","","8","PuzzleheadedValue237","https://old.reddit.com/r/ShopeePH/comments/1uik6kl/samsung_a57_5g_512_gb_for_22k/"
"2026-06-29 10:53","S26","r/gadgets","Samsung Galaxy S26 Ultra Review: A Private Screen Only Goes So Far","1017","299","dapperlemon","https://old.reddit.com/r/gadgets/comments/1uijcpd/samsung_galaxy_s26_ultra_review_a_private_screen/"
"2026-06-29 07:57","S26","r/Visible","Unlocked Spectrum S26 Ultra in-compatible with Visible?","8","9","catofkami","https://old.reddit.com/r/Visible/comments/1uifxa0/unlocked_spectrum_s26_ultra_incompatible_with/"
"2026-06-28 22:55","S26","r/samsunggalaxy","Upgrading to S26","5","14","chicago-dog123","https://old.reddit.com/r/samsunggalaxy/comments/1ui354h/upgrading_to_s26/"
"2026-06-28 22:47","S26","r/GalaxyS20FE","Coming from an S20 FE – S25 FE, S25 Ultra, or S26?","29","26","GlassStrategy9046","https://old.reddit.com/r/GalaxyS20FE/comments/1ui2xmn/coming_from_an_s20_fe_s25_fe_s25_ultra_or_s26/"
"2026-06-28 20:53","S26","r/Smartphones","Xiaomi 17 s26 plus or s25 ultra","2","10","PhilosophyGrouchy771","https://old.reddit.com/r/Smartphones/comments/1ui02t0/xiaomi_17_s26_plus_or_s25_ultra/"
"2026-06-28 19:14","S26","r/galaxys26ultra","Galaxy S26 Ultra in direct sunlight and high temperatures.","28","47","Proof_Specific_5600","https://old.reddit.com/r/galaxys26ultra/comments/1uhxo8b/galaxy_s26_ultra_in_direct_sunlight_and_high/"
"2026-06-28 18:58","S26","r/samsunggalaxy","Samsuns s26 plus vs s26 ultra","0","11","Standard_Reserve_204","https://old.reddit.com/r/samsunggalaxy/comments/1uhxbfk/samsuns_s26_plus_vs_s26_ultra/"
"2026-06-28 13:12","S26","r/samsunggalaxy","Upgrade my phone for galaxy s26 ultra","5","4","Acrobatic_Sun9240","https://old.reddit.com/r/samsunggalaxy/comments/1uhr0km/upgrade_my_phone_for_galaxy_s26_ultra/"
"2026-06-27 21:50","A57","r/GalaxyA57","samsung galaxy A57","","11","Living-Season6410","https://old.reddit.com/r/GalaxyA57/comments/1uh6x5t/samsung_galaxy_a57/"
"2026-06-27 14:30","S26","r/SamsungHelp","S26 U Hot whilst charging?","1","2","MoCycle007","https://old.reddit.com/r/SamsungHelp/comments/1ugxqnh/s26_u_hot_whilst_charging/"
"2026-06-27 14:29","S26","r/SamsungGalaxyS26U","S26 U hot whilst charging?","0","12","MoCycle007","https://old.reddit.com/r/SamsungGalaxyS26U/comments/1ugxpyq/s26_u_hot_whilst_charging/"
"2026-06-27 14:28","S26","r/galaxys26ultra","S26 Ultra Hot Whilst Charging?","1","11","MoCycle007","https://old.reddit.com/r/galaxys26ultra/comments/1ugxpht/s26_ultra_hot_whilst_charging/"
"2026-06-27 14:27","S26","r/samsunggalaxy","S26 Ultra Hot Whilst Charging?","1","2","MoCycle007","https://old.reddit.com/r/samsunggalaxy/comments/1ugxp3h/s26_ultra_hot_whilst_charging/"
"2026-06-27 06:58","A37","r/Android","Strong, but the competition isn't sleeping - Samsung Galaxy A37 5G review","7","7","BcuzRacecar","https://old.reddit.com/r/Android/comments/1ugp8ee/strong_but_the_competition_isnt_sleeping_samsung/"
"2026-06-26 16:14","S26","r/S25FE","I'm planning to buy a new phone during the Big Billion Days sale, and I'm confused between three options: Should I buy the Samsung S25 FE if it gets a good discount? Should I wait for the Samsung S26 FE instead? Or is the OnePlus 13R still the better choice during the BBD sale?","3","7","Samir8757","https://old.reddit.com/r/S25FE/comments/1ug3b3z/im_planning_to_buy_a_new_phone_during_the_big/"
"2026-06-26 15:37","S26","r/Smartphones","I'm planning to buy a new phone during the Big Billion Days sale, and I'm confused between three options: Should I buy the Samsung S25 FE if it gets a good discount? Should I wait for the Samsung S26 FE instead? Or is the OnePlus 13R still the better choice during the BBD sale?","1","1","Samir8757","https://old.reddit.com/r/Smartphones/comments/1ug2lvk/im_planning_to_buy_a_new_phone_during_the_big/"
"2026-06-25 18:05","A37","r/news_nest","Galaxy A37 Review - The Samsung Phone Nobody Should Buy!","1","0","iongi","https://old.reddit.com/r/news_nest/comments/1uf8rw1/galaxy_a37_review_the_samsung_phone_nobody_should/"
"2026-06-25 14:54","A57","r/Android","NL Tech - The BEST mid-range phone? Samsung Galaxy A57 long-term review!","","0","Antonis_32","https://old.reddit.com/r/Android/comments/1uf55bw/nl_tech_the_best_midrange_phone_samsung_galaxy/"
"2026-06-25 13:48","S26","r/Smartphones","United State One Plus 15 vs Xiaomi 17 Pro Max vs Oppo Find 9 Ultra vs S26 Ultra","3","4","Impressive_Ad9555","https://old.reddit.com/r/Smartphones/comments/1uf41mh/united_state_one_plus_15_vs_xiaomi_17_pro_max_vs/"
"2026-06-25 13:45","S26","r/PickAnAndroidForMe","United State One Plus 15 vs Xiaomi 17 Pro Max vs Oppo Find 9 Ultra vs S26 Ultra","2","6","Impressive_Ad9555","https://old.reddit.com/r/PickAnAndroidForMe/comments/1uf3zl9/united_state_one_plus_15_vs_xiaomi_17_pro_max_vs/"
"2026-06-25 12:47","A57","r/Smartphones","Is the Galaxy A57 worth it?","","7","cookie_04","https://old.reddit.com/r/Smartphones/comments/1uf30r7/is_the_galaxy_a57_worth_it/"
"2026-06-25 12:36","S26","r/samsunggalaxy","Strange display in s26 U","0","16","CosmicOwl14","https://old.reddit.com/r/samsunggalaxy/comments/1uf2tmp/strange_display_in_s26_u/"
"2026-06-24 02:08","S26","r/samsunggalaxy","S26 Ultra Overheating?","0","8","CycleMV","https://old.reddit.com/r/samsunggalaxy/comments/1udst8j/s26_ultra_overheating/"
"2026-06-24 02:07","S26","r/galaxys26ultra","S26 Ultra Overheating?","5","14","CycleMV","https://old.reddit.com/r/galaxys26ultra/comments/1udssk4/s26_ultra_overheating/"
"2026-06-24 00:32","S26","r/Android","Why Chinese flagships still can't compete with the mainstream – My switch from Vivo X200 Pro to Samsung S26 Ultra","0","31","maciejkruczkowski","https://old.reddit.com/r/Android/comments/1udq8ft/why_chinese_flagships_still_cant_compete_with_the/"
"2026-06-23 22:55","S26","r/samsunggalaxy","Cracked my S22+ and since been using S20 FE. Debating on another 22+($200 refurb) or get a S26+. Keep, switch back or upgrade?","0","4","KateAinLA","https://old.reddit.com/r/samsunggalaxy/comments/1udnjfx/cracked_my_s22_and_since_been_using_s20_fe/"
"2026-06-23 19:03","S26","r/Cameras","Help me choose: Sony A6700 + 16-55mm f2.8 G vs. Fujifilm X-T50 + 15-45mm (Coming from S26 Ultra / Pixel Peeper)","0","8","RepulsiveJicama9209","https://old.reddit.com/r/Cameras/comments/1udhat4/help_me_choose_sony_a6700_1655mm_f28_g_vs/"
"2026-06-23 17:50","S26","r/concertsPH","is it worth it to get the iphone17 pro kahit mas bet ko yung ip17 or mag rent na lang ng ip17pro or S26 ultra for concert days and stick w the unit i really want (17)?","4","6","Old-Examination9089","https://old.reddit.com/r/concertsPH/comments/1udfln3/is_it_worth_it_to_get_the_iphone17_pro_kahit_mas/"
"2026-06-23 15:08","S26","r/PickAnAndroidForMe","Pixel 10 pro XL vs Samsung s26+ ?","2","3","Pleasant_Strike_5757","https://old.reddit.com/r/PickAnAndroidForMe/comments/1udciva/pixel_10_pro_xl_vs_samsung_s26/"
"2026-06-23 14:14","A37","r/FortressZA","Samsung Galaxy A37 Review – All the AI Features, None of the Flagship Price","0","0","SplitNational2929","https://old.reddit.com/r/FortressZA/comments/1udblc2/samsung_galaxy_a37_review_all_the_ai_features/"
"2026-06-22 17:14","A57","r/SAtechnews","Samsung Galaxy A57 review – One year on, very little has changed","","0","SAtechnewsbot","https://old.reddit.com/r/SAtechnews/comments/1ucib2h/samsung_galaxy_a57_review_one_year_on_very_little/"
"2026-06-20 22:33","A57","r/samsunggalaxy","Galaxy A57 not eligible for Spectrum Mobile?","1","4","NeroFMX","https://old.reddit.com/r/samsunggalaxy/comments/1ub1p3a/galaxy_a57_not_eligible_for_spectrum_mobile/"
"2026-06-20 21:07","A57","r/Smartphones","Should I get the Samsung Galaxy A57 5G or a Xiaomi Poco x8 Pro?","2","9","SillyUser8212","https://old.reddit.com/r/Smartphones/comments/1uazmpx/should_i_get_the_samsung_galaxy_a57_5g_or_a/"
"2026-06-20 18:18","A57","r/samsunggalaxy","Should I get the Samsung Galaxy A57 5G or a Xiaomi Poco x8 Pro?","1","0","SillyUser8212","https://old.reddit.com/r/samsunggalaxy/comments/1uavt4e/should_i_get_the_samsung_galaxy_a57_5g_or_a/"
"2026-06-19 06:19","A37","r/Tech_Philippines","Samsung A37 5g Issue!!","2","4","Mysterious_Rule_631","https://old.reddit.com/r/Tech_Philippines/comments/1u9nn3t/samsung_a37_5g_issue/"
"2026-06-19 06:08","A57","r/ShopeePH","Samsung A57","1","11","Grand-Fun8639","https://old.reddit.com/r/ShopeePH/comments/1u9necs/samsung_a57/"
"2026-06-17 13:54","A37","r/samsunggalaxy","Is galaxy a37 worth?","3","7","Brilliant_Ear7206","https://old.reddit.com/r/samsunggalaxy/comments/1u84akm/is_galaxy_a37_worth/"
"2026-06-17 04:28","A37","r/GalaxyS7","Does anywhere to buy a Samsung a37 battery replacement?","0","1","2021gettingready","https://old.reddit.com/r/GalaxyS7/comments/1u7t0ai/does_anywhere_to_buy_a_samsung_a37_battery/"
"2026-06-15 11:03","A37 / A57","r/Tech_Philippines","Brand new Samsung (A37/A57) phone? Or 2nd-hand Apple phone (from CompAsia—Excellent condition)?","10","14","dohenyblvd","https://old.reddit.com/r/Tech_Philippines/comments/1u67kbt/brand_new_samsung_a37a57_phone_or_2ndhand_apple/"
"2026-06-13 12:54","S26","r/techspecsinfo","SAMSUNG GALAXY S26 FE LEAKS ARE HERE — WORTH WAITING FOR?","32","46","Unusual-Link4427","https://old.reddit.com/r/techspecsinfo/comments/1u4ke9c/samsung_galaxy_s26_fe_leaks_are_here_worth/"
"2026-06-12 20:47","S26","r/samsunggalaxy","S26 question about language change","1","3","Plus-Age1318","https://old.reddit.com/r/samsunggalaxy/comments/1u3y6zt/s26_question_about_language_change/"
"2026-06-11 09:31","A57","r/Tech_Philippines","Poco F7 or Samsung A57 5G?","52","34","Difficult_Wasabi9097","https://old.reddit.com/r/Tech_Philippines/comments/1u2odju/poco_f7_or_samsung_a57_5g/"
"2026-06-10 10:54","A57","r/ConsumerAdvice","Considering Samsung Galaxy A57, but cautious due to ongoing issues with A52s: How to play it?","1","5","mike_302R","https://old.reddit.com/r/ConsumerAdvice/comments/1u1szmf/considering_samsung_galaxy_a57_but_cautious_due/"
"2026-06-10 03:21","A57","r/samsunggalaxy","Consider A57, but cautious due to ongoing issues with A52s: How to play it?","2","1","mike_302R","https://old.reddit.com/r/samsunggalaxy/comments/1u1j2om/consider_a57_but_cautious_due_to_ongoing_issues/"
"2026-06-09 14:05","A37 / A57","r/ShopeePH","Samsung A37 vs A57","3","6","Fair_Progress_6721","https://old.reddit.com/r/ShopeePH/comments/1u0z7mj/samsung_a37_vs_a57/"
"2026-06-08 13:29","A37","r/Smartphones","samsung a37 5g","3","3","h4rrtss","https://old.reddit.com/r/Smartphones/comments/1u01fa7/samsung_a37_5g/"
"2026-06-08 13:26","A37","r/Tech_Philippines","samsung a37 5g","2","3","h4rrtss","https://old.reddit.com/r/Tech_Philippines/comments/1u01dj7/samsung_a37_5g/"
"2026-06-07 18:47","A37 / A57","r/HyderabadBuySell","WTB Samsung A37 or A57","2","1","crossxnn","https://old.reddit.com/r/HyderabadBuySell/comments/1tzbwtx/wtb_samsung_a37_or_a57/"
"2026-06-06 21:55","A57","r/ShopeePH","Samsung A57: Worth is ba for 12k?","0","1","hi-just-curious","https://old.reddit.com/r/ShopeePH/comments/1tylppu/samsung_a57_worth_is_ba_for_12k/"
"2026-06-06 21:46","A57","r/Tech_Philippines","Samsung A57: Worth it ba for 12k?","171","96","hi-just-curious","https://old.reddit.com/r/Tech_Philippines/comments/1tylh8g/samsung_a57_worth_it_ba_for_12k/"
"2026-06-06 20:55","A37","r/Smartphones","Samsung A37 issue","1","0","Sufficient_Bid_3312","https://old.reddit.com/r/Smartphones/comments/1tyk6kn/samsung_a37_issue/"
"2026-06-06 18:37","A37","r/ShopeePH","6.6 Samsung A37 5G","2","3","Known-Match5632","https://old.reddit.com/r/ShopeePH/comments/1tygu1k/66_samsung_a37_5g/"
"2026-06-06 15:44","A57","r/Tech_Philippines","Samsung A57 5G 8/128 at 10k","117","41","Downtown_Mulberry_30","https://old.reddit.com/r/Tech_Philippines/comments/1tydf41/samsung_a57_5g_8128_at_10k/"
"2026-06-06 15:41","A57","r/ShopeePH","A57 5G 8/128 at 10k","7","10","Downtown_Mulberry_30","https://old.reddit.com/r/ShopeePH/comments/1tydd81/a57_5g_8128_at_10k/"
"2026-06-06 14:11","A37","r/AtinAtinLang","Atin-Atin Lang: Samsung A37 5g 128gb for 9k!","13","11","quokkahannieee","https://old.reddit.com/r/AtinAtinLang/comments/1tybuln/atinatin_lang_samsung_a37_5g_128gb_for_9k/"
"2026-06-05 20:33","A37","r/ShopeePH","Samsung A37 5G","3","13","noideaa22","https://old.reddit.com/r/ShopeePH/comments/1txnic0/samsung_a37_5g/"
"2026-06-05 19:29","A57","r/ShopeePH","Galaxy A57 (128GB)","1","12","goomyjet","https://old.reddit.com/r/ShopeePH/comments/1txlrxd/galaxy_a57_128gb/"
"2026-06-04 09:14","S26","r/samsunggalaxy","Has anyone compared the signal strength between the S26 (Snapdragon) and the S25 FE?","1","1","Busy-sport1111","https://old.reddit.com/r/samsunggalaxy/comments/1twc6cv/has_anyone_compared_the_signal_strength_between/"
"2026-06-02 18:55","A37 / A57","r/samsunggalaxy","Galaxy A37 and A57 - Hands ON","6","1","SanCar_red","https://old.reddit.com/r/samsunggalaxy/comments/1tuqwes/galaxy_a37_and_a57_hands_on/"